1_DSC02477.JPG,-21.9224657,-48.5238903,579.52,275.79,-6.3,1.62
1_DSC02478.JPG,-21.9224358,-48.5242103,579.46,275.29,-5.39,1.51
1_DSC02479.JPG,-21.9224115,-48.5245222,579.66,276.01,-2.64,2.14
1_DSC02480.JPG,-21.9223823,-48.5248348,579.79,275.02,-5.76,1.63
1_DSC02481.JPG,-21.9223567,-48.5251588,580.01,275.3,-4.36,2.33
1_DSC02482.JPG,-21.9223292,-48.525471,579.54,274.86,-6.38,1.07
1_DSC02483.JPG,-21.9223025,-48.5257868,578.91,273.63,-7.16,1.98
1_DSC02484.JPG,-21.9222762,-48.5261023,578.3,274.92,-4.49,2.16
1_DSC02485.JPG,-21.9222494,-48.5264216,577.73,275.69,-3.37,2.88
1_DSC02486.JPG,-21.9222206,-48.5267428,576.52,274.62,-3.86,2.41
1_DSC02487.JPG,-21.9221965,-48.5270626,575.32,276.12,-6.84,3.62
1_DSC02488.JPG,-21.9221702,-48.5273797,573.95,276.57,-7.78,4.17
1_DSC02489.JPG,-21.9221388,-48.5277021,572.21,273.9,-5.85,3.01
1_DSC02490.JPG,-21.9221117,-48.5280217,570.64,274.21,-6.64,3.41
1_DSC02491.JPG,-21.9220887,-48.5283335,569.23,273.09,-4.83,5.49
1_DSC02492.JPG,-21.9220608,-48.528654,567.65,276.79,-6.48,4.31
1_DSC02493.JPG,-21.9220327,-48.5289729,566.25,276.34,-6.65,4.53
1_DSC02494.JPG,-21.9220066,-48.5292928,564.75,275.65,-7.5,4.44
1_DSC02495.JPG,-21.9219795,-48.5296024,563.36,275.64,-6.25,4.17
1_DSC02496.JPG,-21.9219524,-48.5299234,562.0,275.13,-5.94,4.19
1_DSC02497.JPG,-21.921924,-48.5302451,560.78,276.0,-5.64,4.18
1_DSC02498.JPG,-21.9218953,-48.5305625,560.23,274.27,-6.59,3.77
1_DSC02499.JPG,-21.9218698,-48.5308845,560.04,275.32,-5.54,4.52
1_DSC02500.JPG,-21.9218437,-48.5312079,559.32,275.41,-5.4,3.55
1_DSC02501.JPG,-21.921818,-48.5315278,557.33,275.38,-5.26,3.69
1_DSC02502.JPG,-21.921789,-48.5318444,555.26,275.48,-6.39,3.51
1_DSC02503.JPG,-21.9217623,-48.5321636,553.38,274.81,-5.66,4.21
1_DSC02504.JPG,-21.9217356,-48.5324839,551.28,274.42,-5.15,3.54
1_DSC02505.JPG,-21.9217088,-48.5328032,549.23,274.79,-4.92,4.24
1_DSC02506.JPG,-21.9216799,-48.5331238,547.04,273.89,-4.5,3.49
1_DSC02507.JPG,-21.921654,-48.5334334,544.12,273.01,2.54,3.2
1_DSC02508.JPG,-21.921074,-48.5350061,536.43,290.27,3.91,1.59
1_DSC02509.JPG,-21.9210985,-48.5346967,537.83,96.1,-12.34,-1.74
1_DSC02510.JPG,-21.9211276,-48.5343776,540.03,94.74,-12.6,-1.98
1_DSC02511.JPG,-21.921155,-48.5340613,542.24,94.86,-12.56,-1.18
1_DSC02512.JPG,-21.9211839,-48.5337417,544.56,94.99,-12.36,-4.07
1_DSC02513.JPG,-21.9212106,-48.53343,547.37,95.79,-14.44,-4.8
1_DSC02514.JPG,-21.9212393,-48.5331113,549.9,95.32,-13.86,-3.45
1_DSC02515.JPG,-21.9212643,-48.5327931,552.39,95.47,-10.84,-1.76
1_DSC02516.JPG,-21.9212925,-48.5324835,554.63,95.03,-9.56,-3.32
1_DSC02517.JPG,-21.9213164,-48.5321618,556.93,93.84,-9.97,-1.36
1_DSC02518.JPG,-21.9213463,-48.5318407,558.9,93.69,-11.08,-2.11
1_DSC02519.JPG,-21.9213725,-48.5315265,560.33,94.33,-9.95,-2.38
1_DSC02520.JPG,-21.9213975,-48.5312129,561.79,93.36,-8.68,-0.6
1_DSC02521.JPG,-21.9214253,-48.5308985,562.98,92.79,-10.11,-2.93
1_DSC02522.JPG,-21.9214515,-48.5305842,562.92,96.45,-10.08,-2.96
1_DSC02523.JPG,-21.9214741,-48.5302696,563.06,95.22,-11.42,-2.31
1_DSC02524.JPG,-21.921502,-48.5299581,563.24,93.88,-9.66,-2.87
1_DSC02525.JPG,-21.9215297,-48.5296416,563.7,94.59,-11.94,-3.51
1_DSC02526.JPG,-21.9215574,-48.5293208,564.37,96.34,-10.43,-2.6
1_DSC02527.JPG,-21.9215857,-48.5289993,565.11,95.57,-9.81,-3.06
1_DSC02528.JPG,-21.9216145,-48.5286821,566.24,94.37,-10.49,-3.88
1_DSC02529.JPG,-21.9216408,-48.5283636,567.32,93.4,-9.29,-2.67
1_DSC02530.JPG,-21.9216681,-48.528052,568.44,93.81,-10.93,-3.55
1_DSC02531.JPG,-21.9216931,-48.5277386,569.71,94.05,-10.73,-3.47
1_DSC02532.JPG,-21.9217204,-48.5274239,571.1,94.47,-10.66,-3.91
1_DSC02533.JPG,-21.9217488,-48.5271053,572.17,94.41,-9.84,-2.87
1_DSC02534.JPG,-21.9217756,-48.5267894,573.37,95.07,-8.73,-2.04
1_DSC02535.JPG,-21.921801,-48.5264747,574.83,94.26,-9.48,-1.51
1_DSC02536.JPG,-21.9218262,-48.5261603,576.35,95.16,-9.2,-0.91
1_DSC02537.JPG,-21.9218526,-48.5258432,575.47,95.31,-10.61,-0.54
1_DSC02538.JPG,-21.9218815,-48.5255191,574.6,95.49,-11.53,-0.74
1_DSC02539.JPG,-21.9219091,-48.5252008,573.8,94.55,-8.8,-1.49
1_DSC02540.JPG,-21.9219342,-48.5248813,574.12,95.25,-8.85,-0.75
1_DSC02541.JPG,-21.921961,-48.5245599,574.44,94.86,-7.64,-0.53
1_DSC02542.JPG,-21.9219876,-48.5242432,574.98,94.25,-10.35,-0.96
1_DSC02543.JPG,-21.9220163,-48.5239311,575.86,95.47,-11.3,-1.43
1_DSC02544.JPG,-21.9220383,-48.5236213,576.35,96.72,-1.67,0.99
1_DSC02545.JPG,-21.9216105,-48.523468,575.11,351.6,-0.56,1.31
1_DSC02546.JPG,-21.9215807,-48.5237811,574.31,276.49,-8.73,2.91
1_DSC02547.JPG,-21.9215493,-48.5241021,573.43,275.32,-7.45,1.5
1_DSC02548.JPG,-21.9215247,-48.5244222,572.68,274.89,-5.29,3.79
1_DSC02549.JPG,-21.9214913,-48.5247445,572.23,273.98,-5.83,0.97
1_DSC02550.JPG,-21.9214663,-48.5250605,571.8,274.39,-4.24,1.7
1_DSC02551.JPG,-21.9214401,-48.5253792,571.59,273.89,-5.49,1.61
1_DSC02552.JPG,-21.9214151,-48.5257011,572.82,275.47,-6.96,2.01
1_DSC02553.JPG,-21.9213886,-48.5260228,573.92,274.99,-8.06,2.8
1_DSC02554.JPG,-21.9213602,-48.5263383,574.95,275.05,-7.64,2.12
1_DSC02555.JPG,-21.9213312,-48.5266592,574.78,273.3,-6.55,1.83
1_DSC02556.JPG,-21.9213045,-48.526981,574.44,273.43,-6.33,3.51
1_DSC02557.JPG,-21.921278,-48.5272977,573.98,274.98,-6.14,3.2
1_DSC02558.JPG,-21.92125,-48.5276076,572.15,271.88,-3.81,1.67
1_DSC02559.JPG,-21.9212238,-48.527919,570.23,275.31,-7.92,2.93
1_DSC02560.JPG,-21.9211985,-48.528235,568.21,274.22,-6.36,3.33
1_DSC02561.JPG,-21.921173,-48.5285497,567.21,276.58,-8.44,3.95
1_DSC02562.JPG,-21.9211458,-48.5288689,566.29,276.02,-8.33,4.42
1_DSC02563.JPG,-21.9211175,-48.5291898,565.56,275.3,-7.79,3.91
1_DSC02564.JPG,-21.9210925,-48.5295085,565.61,275.87,-8.07,4.82
1_DSC02565.JPG,-21.9210607,-48.529831,565.78,273.82,-7.31,1.61
1_DSC02566.JPG,-21.9210358,-48.5301487,565.99,276.41,-7.28,2.45
1_DSC02567.JPG,-21.9210107,-48.5304645,566.16,275.85,-8.21,3.86
1_DSC02568.JPG,-21.9209823,-48.5307836,566.37,274.67,-6.67,3.29
1_DSC02569.JPG,-21.9209559,-48.5311044,566.67,275.75,-7.55,4.51
1_DSC02570.JPG,-21.9209281,-48.5314213,565.72,273.73,-6.63,3.93
1_DSC02571.JPG,-21.920902,-48.5317386,564.64,275.58,-7.34,3.89
1_DSC02572.JPG,-21.9208738,-48.532058,563.41,274.64,-6.71,3.09
1_DSC02573.JPG,-21.9208475,-48.5323774,561.29,275.06,-5.84,3.36
1_DSC02574.JPG,-21.920823,-48.5326911,559.14,275.76,-7.8,4.28
1_DSC02575.JPG,-21.9207949,-48.5330081,556.79,275.63,-7.17,3.82
1_DSC02576.JPG,-21.9207674,-48.5333268,554.66,275.5,-7.0,4.07
1_DSC02577.JPG,-21.9207398,-48.5336407,552.14,274.06,-7.7,2.9
1_DSC02578.JPG,-21.9207143,-48.5339565,549.75,275.43,-7.09,3.59
1_DSC02579.JPG,-21.9206872,-48.5342737,547.29,275.07,-6.27,3.0
1_DSC02580.JPG,-21.9206607,-48.5345924,544.79,274.77,-6.51,3.29
1_DSC02581.JPG,-21.9206346,-48.5349077,542.25,275.77,-6.69,3.49
1_DSC02582.JPG,-21.9206086,-48.5352231,540.03,275.19,-7.24,3.43
1_DSC02583.JPG,-21.9205804,-48.5355394,537.81,275.25,-6.0,2.73
1_DSC02584.JPG,-21.920553,-48.5358562,535.33,275.04,-3.02,2.81
1_DSC02585.JPG,-21.9200776,-48.536249,532.21,1.85,4.52,3.88
1_DSC02586.JPG,-21.9200974,-48.5359316,533.98,95.49,-11.37,-0.55
1_DSC02587.JPG,-21.9201246,-48.5356197,537.25,96.15,-9.69,0.03
1_DSC02588.JPG,-21.9201576,-48.5352994,541.02,91.85,-10.15,-1.86
1_DSC02589.JPG,-21.9201845,-48.5349824,544.65,95.56,-11.89,-4.07
1_DSC02590.JPG,-21.9202101,-48.5346606,547.82,96.05,-10.36,-3.13
1_DSC02591.JPG,-21.9202389,-48.5343519,550.51,94.37,-11.33,-3.38
1_DSC02592.JPG,-21.9202648,-48.5340319,553.35,93.96,-10.73,-2.21
1_DSC02593.JPG,-21.9202912,-48.5337155,555.8,94.27,-10.9,-1.51
1_DSC02594.JPG,-21.9203188,-48.533394,558.0,94.36,-11.6,-2.27
1_DSC02595.JPG,-21.9203447,-48.5330737,560.17,94.94,-11.12,-2.41
1_DSC02596.JPG,-21.9203723,-48.5327635,561.87,94.1,-10.81,-2.37
1_DSC02597.JPG,-21.9203981,-48.5324506,563.2,94.66,-11.14,-2.39
1_DSC02598.JPG,-21.9204223,-48.5321364,564.65,94.57,-10.85,-1.0
1_DSC02599.JPG,-21.9204454,-48.5318237,565.7,95.36,-9.96,-0.64
1_DSC02600.JPG,-21.9204724,-48.5315134,566.36,95.54,-9.05,-0.5
1_DSC02601.JPG,-21.9205029,-48.5312009,567.09,95.92,-11.66,-1.05
1_DSC02602.JPG,-21.9205328,-48.5308813,567.92,95.38,-11.61,-1.0
1_DSC02603.JPG,-21.9205607,-48.5305604,568.41,94.55,-10.76,-2.05
1_DSC02604.JPG,-21.9205868,-48.5302398,568.97,95.31,-10.08,-1.25
1_DSC02605.JPG,-21.9206105,-48.529921,569.16,96.05,-10.25,-0.15
1_DSC02606.JPG,-21.9206381,-48.5296012,568.62,95.5,-11.85,-0.5
1_DSC02607.JPG,-21.9206698,-48.5292818,567.86,94.88,-10.67,-1.03
1_DSC02608.JPG,-21.920696,-48.5289642,567.59,94.42,-11.64,-0.9
1_DSC02609.JPG,-21.9207197,-48.5286551,567.6,94.77,-10.02,-0.73
1_DSC02610.JPG,-21.9207475,-48.5283367,567.92,94.38,-10.73,-2.5
1_DSC02611.JPG,-21.9207769,-48.5280133,568.58,92.29,-9.13,-2.45
1_DSC02612.JPG,-21.9208003,-48.5276997,570.4,94.24,-8.63,-1.53
1_DSC02613.JPG,-21.920826,-48.5273794,572.56,95.72,-8.54,-0.78
1_DSC02614.JPG,-21.920854,-48.5270599,574.6,95.23,-10.34,-0.15
1_DSC02615.JPG,-21.9208832,-48.5267414,574.53,95.02,-10.67,-1.28
1_DSC02616.JPG,-21.9209124,-48.5264244,574.08,93.98,-9.69,-2.71
1_DSC02617.JPG,-21.9209371,-48.5261037,573.43,94.59,-10.91,-1.28
1_DSC02618.JPG,-21.9209628,-48.5257868,572.28,94.66,-11.87,-2.07
1_DSC02619.JPG,-21.9209898,-48.5254646,570.98,94.43,-9.89,-2.43
1_DSC02620.JPG,-21.9210177,-48.5251443,570.04,94.01,-9.53,-2.39
1_DSC02621.JPG,-21.9210435,-48.5248209,570.32,93.77,-8.2,-0.73
1_DSC02622.JPG,-21.9210693,-48.5244999,570.74,95.64,-8.72,0.45
1_DSC02623.JPG,-21.921102,-48.5241796,571.28,95.64,-8.41,-2.48
1_DSC02624.JPG,-21.9211283,-48.5238646,572.53,94.28,-9.22,-1.98
1_DSC02625.JPG,-21.9211498,-48.5235545,573.76,94.36,-0.36,-0.26
1_DSC02626.JPG,-21.9207237,-48.5233693,573.19,351.24,0.13,2.14
1_DSC02627.JPG,-21.92069,-48.5236848,571.8,275.59,-7.71,2.08
1_DSC02628.JPG,-21.9206624,-48.5240021,570.48,275.4,-7.64,1.42
1_DSC02629.JPG,-21.9206359,-48.5243236,569.15,274.82,-4.86,2.32
1_DSC02630.JPG,-21.920609,-48.5246336,568.96,275.7,-6.44,2.09
1_DSC02631.JPG,-21.9205822,-48.5249498,569.01,275.32,-6.94,2.79
1_DSC02632.JPG,-21.920556,-48.5252664,569.24,275.26,-6.68,2.49
1_DSC02633.JPG,-21.9205291,-48.5255845,569.78,274.99,-6.61,2.42
1_DSC02634.JPG,-21.9205033,-48.5259071,570.48,275.4,-6.57,3.43
1_DSC02635.JPG,-21.9204763,-48.526223,571.02,275.3,-7.55,3.66
1_DSC02636.JPG,-21.9204476,-48.5265401,571.19,272.86,-8.91,3.99
1_DSC02637.JPG,-21.9204182,-48.5268641,570.87,275.15,-6.11,1.53
1_DSC02638.JPG,-21.9203932,-48.5271862,570.81,273.26,-7.97,3.27
1_DSC02639.JPG,-21.9203684,-48.527503,570.15,273.96,-9.63,3.5
1_DSC02640.JPG,-21.9203414,-48.5278234,569.6,274.16,-9.15,3.08
1_DSC02641.JPG,-21.9203137,-48.5281333,569.2,277.56,-7.47,2.59
1_DSC02642.JPG,-21.9202877,-48.5284546,569.41,274.62,-7.27,3.37
1_DSC02643.JPG,-21.9202563,-48.5287732,569.72,273.09,-7.77,2.75
1_DSC02644.JPG,-21.9202331,-48.5290924,570.32,274.79,-7.95,3.34
1_DSC02645.JPG,-21.9202075,-48.5294146,571.02,274.89,-7.51,2.88
1_DSC02646.JPG,-21.9201808,-48.5297283,571.71,273.93,-10.48,2.86
1_DSC02647.JPG,-21.920153,-48.5300507,572.49,277.1,-7.69,5.03
1_DSC02648.JPG,-21.9201234,-48.5303727,572.16,275.07,-6.79,2.64
1_DSC02649.JPG,-21.9200992,-48.5306938,570.87,276.08,-6.32,3.44
1_DSC02650.JPG,-21.920069,-48.5310075,569.38,276.4,-7.44,0.73
1_DSC02651.JPG,-21.9200429,-48.5313313,568.48,276.8,-6.75,2.68
1_DSC02652.JPG,-21.9200127,-48.5316508,568.24,274.97,-7.81,1.66
1_DSC02653.JPG,-21.9199887,-48.5319602,568.09,276.38,-5.67,1.7
1_DSC02654.JPG,-21.919962,-48.5322852,567.49,275.71,-6.14,1.3
1_DSC02655.JPG,-21.9199334,-48.5326037,566.5,275.59,-5.79,1.84
1_DSC02656.JPG,-21.9199061,-48.5329223,565.34,275.11,-6.36,2.01
1_DSC02657.JPG,-21.9198804,-48.5332431,563.71,274.37,-6.06,2.61
1_DSC02658.JPG,-21.9198532,-48.5335602,561.68,274.8,-5.96,2.0
1_DSC02659.JPG,-21.9198251,-48.5338785,559.45,274.28,-5.88,3.42
1_DSC02660.JPG,-21.9198,-48.5341974,556.87,275.2,-6.29,3.53
1_DSC02661.JPG,-21.9197713,-48.5345132,553.69,274.63,-6.37,2.03
1_DSC02662.JPG,-21.9197459,-48.5348302,550.36,275.28,-6.48,2.34
1_DSC02663.JPG,-21.9197158,-48.5351484,546.67,273.51,-4.75,1.77
1_DSC02664.JPG,-21.9196909,-48.5354693,541.86,273.63,-7.04,1.98
1_DSC02665.JPG,-21.9196648,-48.5357879,537.09,274.49,-2.03,1.76
1_DSC02666.JPG,-21.9196363,-48.5360987,533.19,275.7,-1.25,1.41
1_DSC02667.JPG,-21.9191679,-48.5364297,529.49,9.46,-0.97,1.97
1_DSC02668.JPG,-21.9191867,-48.5361106,531.09,95.74,-11.62,-1.45
1_DSC02669.JPG,-21.9192163,-48.5357985,533.55,94.68,-6.68,-0.79
1_DSC02670.JPG,-21.9192447,-48.5354888,538.81,94.96,-6.95,-0.59
1_DSC02671.JPG,-21.9192739,-48.535173,544.09,95.15,-12.59,-3.33
1_DSC02672.JPG,-21.919297,-48.5348515,549.24,93.5,-11.03,-1.02
1_DSC02673.JPG,-21.9193234,-48.5345335,552.59,95.5,-10.4,-2.0
1_DSC02674.JPG,-21.9193499,-48.5342155,555.84,94.43,-9.93,-1.85
1_DSC02675.JPG,-21.9193812,-48.5338961,559.03,96.0,-11.61,-3.72
1_DSC02676.JPG,-21.9194058,-48.5335869,560.78,94.32,-9.88,-2.47
1_DSC02677.JPG,-21.9194312,-48.5332719,562.49,93.97,-8.79,-1.83
1_DSC02678.JPG,-21.9194564,-48.5329502,564.37,95.72,-9.84,-1.61
1_DSC02679.JPG,-21.9194846,-48.5326272,566.29,96.1,-10.95,-1.6
1_DSC02680.JPG,-21.9195125,-48.532315,568.03,95.38,-11.32,-1.15
1_DSC02681.JPG,-21.9195429,-48.5319978,569.72,93.83,-10.0,-1.87
1_DSC02682.JPG,-21.9195704,-48.5316779,570.42,93.98,-10.09,-2.06
1_DSC02683.JPG,-21.9195975,-48.5313577,570.96,93.59,-10.12,-2.04
1_DSC02684.JPG,-21.9196223,-48.5310485,571.41,92.89,-8.75,-1.63
1_DSC02685.JPG,-21.9196488,-48.5307276,572.1,94.1,-8.3,-2.21
1_DSC02686.JPG,-21.9196735,-48.5304119,572.84,95.34,-11.16,-1.44
1_DSC02687.JPG,-21.919702,-48.5300905,573.77,94.21,-9.08,-2.1
1_DSC02688.JPG,-21.9197291,-48.5297721,573.61,94.42,-9.96,-1.57
1_DSC02689.JPG,-21.919755,-48.5294497,573.13,94.48,-7.91,-0.97
1_DSC02690.JPG,-21.9197781,-48.5291368,572.45,96.15,-5.7,-0.19
1_DSC02691.JPG,-21.9198097,-48.5288239,571.59,95.97,-9.52,-3.32
1_DSC02692.JPG,-21.919836,-48.5285093,570.78,96.79,-11.88,-0.96
1_DSC02693.JPG,-21.9198644,-48.5281925,569.92,95.44,-12.25,-1.48
1_DSC02694.JPG,-21.9198943,-48.5278811,569.24,92.71,-8.68,-3.32
1_DSC02695.JPG,-21.9199176,-48.5275667,568.63,96.35,-12.42,-2.9
1_DSC02696.JPG,-21.919944,-48.5272561,568.19,93.29,-9.28,-3.09
1_DSC02697.JPG,-21.9199685,-48.526945,567.67,94.83,-6.71,-0.95
1_DSC02698.JPG,-21.9199932,-48.5266279,568.02,96.0,-8.97,-0.63
1_DSC02699.JPG,-21.9200212,-48.5263178,568.29,95.19,-6.67,-0.06
1_DSC02700.JPG,-21.9200497,-48.5260018,568.71,93.9,-8.13,-1.28
1_DSC02701.JPG,-21.9200783,-48.5256817,568.84,94.54,-9.69,-1.87
1_DSC02702.JPG,-21.920104,-48.5253606,568.83,93.84,-9.09,-2.07
1_DSC02703.JPG,-21.9201291,-48.5250416,568.5,94.61,-11.64,-2.46
1_DSC02704.JPG,-21.9201555,-48.5247238,567.68,96.17,-11.91,-1.93
1_DSC02705.JPG,-21.9201824,-48.5244017,566.71,96.64,-10.26,-2.64
1_DSC02706.JPG,-21.9202126,-48.5240868,566.83,98.2,-11.02,-4.15
1_DSC02707.JPG,-21.9202407,-48.5237686,567.97,95.66,-11.25,-3.57
1_DSC02708.JPG,-21.9202679,-48.5234576,569.27,91.49,-2.66,-3.69
1_DSC02709.JPG,-21.9198378,-48.5232707,569.15,349.13,1.18,3.03
1_DSC02710.JPG,-21.9198018,-48.5235901,567.97,274.48,-8.72,2.85
1_DSC02711.JPG,-21.919777,-48.5239124,566.79,275.47,-6.95,3.87
1_DSC02712.JPG,-21.9197503,-48.5242253,565.47,275.36,-6.78,2.74
1_DSC02713.JPG,-21.9197239,-48.5245383,564.8,274.76,-7.85,2.53
1_DSC02714.JPG,-21.9196973,-48.5248547,564.86,274.19,-7.85,3.01
1_DSC02715.JPG,-21.9196688,-48.5251727,564.89,273.89,-7.53,3.51
1_DSC02716.JPG,-21.9196416,-48.5254823,564.76,275.91,-5.28,1.96
1_DSC02717.JPG,-21.9196153,-48.5258064,565.11,274.97,-5.84,2.52
1_DSC02718.JPG,-21.9195904,-48.5261244,565.37,275.45,-6.26,2.77
1_DSC02719.JPG,-21.9195638,-48.5264438,565.73,275.31,-5.89,3.09
1_DSC02720.JPG,-21.919535,-48.5267614,566.34,275.39,-6.26,2.16
1_DSC02721.JPG,-21.9195082,-48.527082,567.11,275.27,-6.35,2.84
1_DSC02722.JPG,-21.9194812,-48.5274022,567.81,274.94,-6.11,2.82
1_DSC02723.JPG,-21.9194557,-48.5277222,568.27,275.23,-6.6,3.16
1_DSC02724.JPG,-21.9194266,-48.5280463,568.72,275.12,-6.45,2.61
1_DSC02725.JPG,-21.9193999,-48.5283676,569.51,275.6,-5.21,2.85
1_DSC02726.JPG,-21.9193706,-48.5286868,570.75,274.33,-4.23,1.72
1_DSC02727.JPG,-21.9193482,-48.5290016,572.23,276.47,-5.47,4.46
1_DSC02728.JPG,-21.9193215,-48.5293124,573.38,275.82,-8.06,3.03
1_DSC02729.JPG,-21.9192913,-48.5296307,573.85,274.53,-5.38,0.44
1_DSC02730.JPG,-21.9192664,-48.5299419,574.35,275.44,-4.41,1.8
1_DSC02731.JPG,-21.9192377,-48.5302647,574.5,275.47,-4.3,1.73
1_DSC02732.JPG,-21.9192102,-48.5305854,574.41,273.9,-5.04,2.4
1_DSC02733.JPG,-21.9191811,-48.5309032,574.51,273.53,-7.13,0.26
1_DSC02734.JPG,-21.9191561,-48.5312177,574.39,274.68,-5.73,0.94
1_DSC02735.JPG,-21.9191305,-48.5315403,573.53,274.52,-6.45,2.2
1_DSC02736.JPG,-21.9190993,-48.5318604,572.2,272.76,-6.22,2.53
1_DSC02737.JPG,-21.9190736,-48.5321738,570.81,275.45,-7.0,2.04
1_DSC02738.JPG,-21.9190458,-48.5324952,568.53,275.49,-6.77,2.09
1_DSC02739.JPG,-21.9190193,-48.532814,566.19,275.7,-7.66,2.16
1_DSC02740.JPG,-21.9189937,-48.5331329,563.83,276.02,-8.37,2.61
1_DSC02741.JPG,-21.9189697,-48.5334512,562.01,276.31,-7.42,3.38
1_DSC02742.JPG,-21.9189409,-48.5337743,560.05,275.8,-7.68,2.84
1_DSC02743.JPG,-21.9189128,-48.5340955,557.96,274.99,-7.06,2.02
1_DSC02744.JPG,-21.9188857,-48.5344155,554.96,274.62,-7.16,2.41
1_DSC02745.JPG,-21.9188605,-48.5347335,551.95,276.41,-6.93,3.47
1_DSC02746.JPG,-21.9188326,-48.535048,548.64,274.27,-6.86,2.43
1_DSC02747.JPG,-21.918807,-48.5353577,543.82,275.65,-6.59,3.11
1_DSC02748.JPG,-21.9187802,-48.535669,539.04,275.78,-7.36,3.39
1_DSC02749.JPG,-21.9187535,-48.535979,534.52,275.08,-6.36,2.74
1_DSC02750.JPG,-21.918727,-48.5362966,531.53,274.72,-1.06,2.46
1_DSC02751.JPG,-21.9182574,-48.5366118,527.76,5.43,0.88,0.83
1_DSC02752.JPG,-21.9182763,-48.5363017,530.33,97.05,-8.84,-1.32
1_DSC02753.JPG,-21.9183043,-48.535983,533.77,96.31,-7.13,-0.64
1_DSC02754.JPG,-21.9183328,-48.5356702,537.51,94.21,-7.62,-0.24
1_DSC02755.JPG,-21.9183599,-48.5353609,541.37,94.85,-7.43,0.07
1_DSC02756.JPG,-21.9183867,-48.5350394,545.57,94.88,-6.08,0.21
1_DSC02757.JPG,-21.9184132,-48.5347203,548.97,94.94,-7.82,0.52
1_DSC02758.JPG,-21.9184424,-48.5344073,551.5,93.93,-6.99,-1.85
1_DSC02759.JPG,-21.9184683,-48.5340929,554.1,95.74,-7.48,-1.27
1_DSC02760.JPG,-21.9184928,-48.5337754,556.57,93.92,-8.21,-0.94
1_DSC02761.JPG,-21.9185207,-48.5334655,558.5,95.68,-8.02,-1.48
1_DSC02762.JPG,-21.9185463,-48.5331561,560.49,94.94,-7.97,-1.28
1_DSC02763.JPG,-21.9185704,-48.5328428,562.46,95.03,-6.32,-0.14
1_DSC02764.JPG,-21.9186013,-48.532525,564.69,95.58,-9.08,-2.52
1_DSC02765.JPG,-21.918626,-48.532202,567.04,96.19,-9.51,-0.71
1_DSC02766.JPG,-21.9186557,-48.5318812,568.93,95.02,-10.0,-2.16
1_DSC02767.JPG,-21.9186823,-48.5315648,569.98,95.05,-10.61,-1.32
1_DSC02768.JPG,-21.9187098,-48.5312479,570.98,94.18,-10.23,-1.77
1_DSC02769.JPG,-21.9187327,-48.5309265,571.8,96.42,-9.78,-0.09
1_DSC02770.JPG,-21.9187592,-48.5306077,571.95,96.07,-10.08,0.18
1_DSC02771.JPG,-21.9187869,-48.5302876,572.11,95.05,-10.63,1.46
1_DSC02772.JPG,-21.9188176,-48.5299652,572.26,95.45,-11.35,-1.66
1_DSC02773.JPG,-21.9188473,-48.5296448,571.89,94.09,-12.13,-3.47
1_DSC02774.JPG,-21.9188735,-48.529324,571.77,95.93,-12.97,-4.08
1_DSC02775.JPG,-21.9188988,-48.5289995,571.26,94.75,-11.41,-1.52
1_DSC02776.JPG,-21.9189247,-48.5286753,569.91,95.38,-11.21,-1.67
1_DSC02777.JPG,-21.9189543,-48.5283528,568.63,94.92,-10.86,-1.59
1_DSC02778.JPG,-21.9189821,-48.5280306,567.53,94.53,-10.97,-2.04
1_DSC02779.JPG,-21.9190098,-48.5277079,567.23,93.8,-10.72,-1.94
1_DSC02780.JPG,-21.9190359,-48.5273858,566.82,95.05,-11.85,-1.57
1_DSC02781.JPG,-21.9190643,-48.5270644,566.45,94.95,-11.12,-2.36
1_DSC02782.JPG,-21.9190902,-48.5267425,565.31,95.22,-10.36,-1.31
1_DSC02783.JPG,-21.9191147,-48.5264319,564.0,95.46,-10.07,-1.52
1_DSC02784.JPG,-21.9191438,-48.5261097,562.68,94.9,-9.21,-1.42
1_DSC02785.JPG,-21.919171,-48.5257913,561.85,94.49,-10.17,-1.84
1_DSC02786.JPG,-21.9191969,-48.5254682,560.98,96.39,-9.71,-0.69
1_DSC02787.JPG,-21.9192283,-48.52515,560.43,95.43,-11.87,-3.53
1_DSC02788.JPG,-21.9192521,-48.5248292,561.43,95.17,-10.71,-1.87
1_DSC02789.JPG,-21.9192759,-48.5245204,562.29,97.06,-9.34,1.32
1_DSC02790.JPG,-21.9193047,-48.5241968,563.16,94.93,-5.04,-0.11
1_DSC02791.JPG,-21.9193342,-48.5238772,565.32,95.29,-8.99,-1.56
1_DSC02792.JPG,-21.9193624,-48.5235549,567.42,95.6,-9.31,-1.52
1_DSC02793.JPG,-21.9193872,-48.5232435,569.42,96.91,1.0,0.39
1_DSC02794.JPG,-21.9189511,-48.5231743,569.78,355.76,3.55,3.85
1_DSC02795.JPG,-21.9189194,-48.5234919,568.55,274.96,-6.5,1.36
1_DSC02796.JPG,-21.9188898,-48.5238046,566.57,275.64,-5.1,0.96
1_DSC02797.JPG,-21.9188698,-48.5241151,564.35,275.76,-6.46,3.69
1_DSC02798.JPG,-21.9188398,-48.5244277,562.42,275.61,-6.46,1.87
1_DSC02799.JPG,-21.9188143,-48.524739,560.98,274.95,-7.18,3.33
1_DSC02800.JPG,-21.9187874,-48.5250572,559.65,276.26,-6.72,2.64
1_DSC02801.JPG,-21.9187574,-48.525378,558.53,273.31,-6.61,2.3
1_DSC02802.JPG,-21.9187303,-48.5256985,558.85,275.24,-5.55,2.27
1_DSC02803.JPG,-21.9187018,-48.5260206,559.14,273.74,-6.56,0.03
1_DSC02804.JPG,-21.9186789,-48.5263383,559.76,275.47,-6.94,2.21
1_DSC02805.JPG,-21.9186499,-48.5266567,560.77,275.32,-7.93,2.49
1_DSC02806.JPG,-21.9186232,-48.5269747,561.8,275.88,-6.41,1.67
1_DSC02807.JPG,-21.9185963,-48.5272836,562.74,275.84,-5.89,2.74
1_DSC02808.JPG,-21.9185681,-48.5276045,563.34,271.63,-5.47,2.71
1_DSC02809.JPG,-21.918541,-48.5279209,563.87,274.84,-6.67,3.1
1_DSC02810.JPG,-21.918515,-48.5282387,564.46,275.25,-8.27,3.07
1_DSC02811.JPG,-21.9184901,-48.5285553,565.34,276.63,-8.34,3.13
1_DSC02812.JPG,-21.9184606,-48.5288746,566.29,276.24,-8.13,3.12
1_DSC02813.JPG,-21.9184344,-48.5291933,567.26,275.77,-8.7,2.63
1_DSC02814.JPG,-21.9184098,-48.5295098,567.91,276.37,-9.17,2.95
1_DSC02815.JPG,-21.9183823,-48.5298202,568.44,276.7,-7.31,3.09
1_DSC02816.JPG,-21.9183561,-48.5301407,569.21,275.19,-6.51,3.02
1_DSC02817.JPG,-21.9183233,-48.5304643,569.16,272.84,-6.84,2.03
1_DSC02818.JPG,-21.918297,-48.5307843,569.06,272.84,-6.97,2.59
1_DSC02819.JPG,-21.9182748,-48.5311046,568.91,277.28,-8.74,4.0
1_DSC02820.JPG,-21.9182465,-48.5314263,568.16,274.97,-7.48,4.15
1_DSC02821.JPG,-21.9182137,-48.5317484,567.33,273.42,-5.53,1.85
1_DSC02822.JPG,-21.9181895,-48.5320607,566.6,274.38,-4.87,2.73
1_DSC02823.JPG,-21.9181619,-48.5323763,564.84,274.81,-6.51,2.6
1_DSC02824.JPG,-21.9181397,-48.5326856,562.84,276.0,-5.47,3.36
1_DSC02825.JPG,-21.918111,-48.5330083,560.78,275.84,-6.23,2.38
1_DSC02826.JPG,-21.9180832,-48.53333,558.81,275.34,-6.38,2.27
1_DSC02827.JPG,-21.9180549,-48.5336499,556.82,275.75,-6.82,2.53
1_DSC02828.JPG,-21.9180283,-48.5339727,554.87,275.15,-6.43,2.77
1_DSC02829.JPG,-21.9179992,-48.5342918,552.62,274.96,-6.84,1.43
1_DSC02830.JPG,-21.9179741,-48.534612,550.01,274.52,-6.73,3.16
1_DSC02831.JPG,-21.917947,-48.5349315,547.51,274.94,-5.76,-0.26
1_DSC02832.JPG,-21.9179202,-48.5352472,544.07,274.7,-4.57,2.13
1_DSC02833.JPG,-21.9178926,-48.5355699,539.82,273.89,-6.81,0.67
1_DSC02834.JPG,-21.9178686,-48.5358886,535.91,274.25,-7.38,1.38
1_DSC02835.JPG,-21.9178393,-48.5362104,532.08,274.14,-4.06,0.68
1_DSC02836.JPG,-21.9178129,-48.5365255,528.22,278.89,-1.04,2.02
1_DSC02837.JPG,-21.9173485,-48.5367681,523.1,4.06,-0.65,2.72
1_DSC02838.JPG,-21.917367,-48.5364468,525.79,94.15,-8.49,-0.49
1_DSC02839.JPG,-21.9173971,-48.5361326,529.25,96.76,-6.94,-0.88
1_DSC02840.JPG,-21.9174239,-48.5358197,532.97,96.02,-7.41,-1.12
1_DSC02841.JPG,-21.9174511,-48.5355022,536.99,97.18,-9.71,-0.8
1_DSC02842.JPG,-21.9174805,-48.535185,540.9,93.84,-7.14,-2.88
1_DSC02843.JPG,-21.9175037,-48.5348735,544.74,94.54,-7.94,0.43
1_DSC02844.JPG,-21.9175322,-48.5345509,547.67,95.2,-9.45,1.04
1_DSC02845.JPG,-21.9175615,-48.5342381,550.13,94.79,-8.54,-1.46
1_DSC02846.JPG,-21.9175867,-48.5339189,552.86,94.98,-12.67,-0.91
1_DSC02847.JPG,-21.9176143,-48.5335954,554.73,95.15,-11.36,-0.7
1_DSC02848.JPG,-21.9176389,-48.5332769,556.43,96.81,-12.55,-0.65
1_DSC02849.JPG,-21.9176675,-48.532964,558.42,94.81,-11.34,-0.8
1_DSC02850.JPG,-21.9176943,-48.5326517,560.36,94.78,-11.4,-0.47
1_DSC02851.JPG,-21.9177208,-48.532342,562.4,95.53,-11.56,-0.44
1_DSC02852.JPG,-21.9177474,-48.532029,564.43,94.46,-10.32,-0.22
1_DSC02853.JPG,-21.9177744,-48.5317129,565.51,95.33,-10.9,-0.59
1_DSC02854.JPG,-21.9178014,-48.5313947,566.23,94.73,-10.3,-0.61
1_DSC02855.JPG,-21.9178285,-48.5310763,567.02,94.24,-12.87,-1.0
1_DSC02856.JPG,-21.9178539,-48.5307531,567.11,94.93,-10.24,-0.71
1_DSC02857.JPG,-21.9178857,-48.5304405,567.21,93.29,-9.84,-2.83
1_DSC02858.JPG,-21.9179151,-48.5301235,567.17,94.8,-10.47,-4.41
1_DSC02859.JPG,-21.9179327,-48.529805,566.67,94.08,-12.39,-2.77
1_DSC02860.JPG,-21.9179652,-48.5294952,566.0,93.19,-8.29,-4.92
1_DSC02861.JPG,-21.9179895,-48.5291736,565.12,94.01,-9.89,-3.13
1_DSC02862.JPG,-21.9180128,-48.5288514,564.11,94.44,-10.2,-2.14
1_DSC02863.JPG,-21.9180441,-48.5285295,563.04,95.69,-9.71,-4.3
1_DSC02864.JPG,-21.9180661,-48.5282089,561.98,95.44,-8.47,-0.59
1_DSC02865.JPG,-21.9180901,-48.527898,560.87,96.31,-6.74,1.18
1_DSC02866.JPG,-21.9181234,-48.5275792,560.08,94.53,-7.61,-1.71
1_DSC02867.JPG,-21.9181527,-48.5272577,559.38,94.0,-8.37,-1.29
1_DSC02868.JPG,-21.9181807,-48.5269375,558.71,95.0,-8.57,-3.17
1_DSC02869.JPG,-21.9182048,-48.5266161,557.91,94.42,-6.94,-1.83
1_DSC02870.JPG,-21.9182299,-48.5262936,557.03,95.48,-8.65,-0.29
1_DSC02871.JPG,-21.9182631,-48.5259847,556.78,94.7,-8.59,-2.56
1_DSC02872.JPG,-21.9182868,-48.5256639,556.86,94.18,-8.21,-2.83
1_DSC02873.JPG,-21.918315,-48.5253427,556.93,94.17,-8.42,-2.61
1_DSC02874.JPG,-21.9183413,-48.525024,557.7,96.65,-7.76,-1.79
1_DSC02875.JPG,-21.9183682,-48.5247116,559.22,94.94,-9.2,-2.0
1_DSC02876.JPG,-21.9183955,-48.5243977,560.74,97.4,-8.76,-3.95
1_DSC02877.JPG,-21.9184206,-48.5240853,562.66,95.62,-8.96,-3.28
1_DSC02878.JPG,-21.9184441,-48.5237736,564.95,93.89,-7.52,-1.12
1_DSC02879.JPG,-21.9184728,-48.5234535,567.35,96.1,-6.55,-0.84
1_DSC02880.JPG,-21.9184998,-48.523144,569.12,95.58,0.68,0.38
1_DSC02881.JPG,-21.9180649,-48.523075,567.76,356.67,-2.12,1.23
1_DSC02882.JPG,-21.9180274,-48.523393,567.09,273.67,-9.37,3.93
1_DSC02883.JPG,-21.9180012,-48.5237141,565.1,274.39,-7.06,3.77
1_DSC02884.JPG,-21.9179748,-48.5240336,563.06,273.05,-5.73,2.81
1_DSC02885.JPG,-21.9179451,-48.524355,561.15,275.15,-5.96,2.53
1_DSC02886.JPG,-21.9179196,-48.5246758,559.29,274.78,-4.92,3.39
1_DSC02887.JPG,-21.9178945,-48.5249906,557.55,274.05,-7.46,4.07
1_DSC02888.JPG,-21.9178731,-48.5253006,555.75,276.11,-4.94,4.42
1_DSC02889.JPG,-21.9178431,-48.5256164,554.99,277.6,-9.03,5.25
1_DSC02890.JPG,-21.9178142,-48.5259386,554.48,273.64,-8.58,4.19
1_DSC02891.JPG,-21.9177898,-48.5262612,553.85,277.14,-10.38,4.9
1_DSC02892.JPG,-21.9177616,-48.5265816,554.19,276.3,-10.0,5.39
1_DSC02893.JPG,-21.9177293,-48.5269048,554.72,274.21,-7.06,3.91
1_DSC02894.JPG,-21.9177051,-48.5272247,555.24,274.92,-8.65,5.59
1_DSC02895.JPG,-21.9176764,-48.5275448,556.13,275.02,-7.95,4.39
1_DSC02896.JPG,-21.9176498,-48.5278659,557.21,272.55,-6.58,4.49
1_DSC02897.JPG,-21.9176223,-48.5281843,558.23,274.91,-6.96,4.02
1_DSC02898.JPG,-21.9175972,-48.5285018,559.71,275.68,-7.32,4.09
1_DSC02899.JPG,-21.9175717,-48.5288133,561.05,273.36,-4.43,0.2
1_DSC02900.JPG,-21.9175624,-48.5291336,562.5,273.03,-7.02,4.92
1_DSC02901.JPG,-21.917533,-48.5294427,563.24,275.76,-6.02,2.75
1_DSC02902.JPG,-21.9175067,-48.5297555,563.97,275.48,-5.76,2.75
1_DSC02903.JPG,-21.9174835,-48.5300684,564.75,274.99,-9.46,6.07
1_DSC02904.JPG,-21.9174563,-48.5303864,565.0,275.88,-10.42,5.93
1_DSC02905.JPG,-21.9174264,-48.5306956,565.11,276.43,-7.39,5.78
1_DSC02906.JPG,-21.9173983,-48.5310191,565.33,274.05,-8.12,6.47
1_DSC02907.JPG,-21.9173671,-48.5313376,565.03,275.32,-8.35,4.19
1_DSC02908.JPG,-21.9173426,-48.5316585,564.36,274.46,-9.02,6.85
1_DSC02909.JPG,-21.9173158,-48.5319804,563.5,275.06,-8.11,5.9
1_DSC02910.JPG,-21.9172855,-48.5323027,562.06,275.04,-8.29,5.45
1_DSC02911.JPG,-21.9172552,-48.5326267,560.0,273.73,-5.96,3.67
1_DSC02912.JPG,-21.9172302,-48.5329461,558.03,275.25,-8.12,5.03
1_DSC02913.JPG,-21.9172019,-48.5332672,556.15,274.04,-6.08,4.38
1_DSC02914.JPG,-21.9171748,-48.5335856,553.97,277.45,-7.71,4.48
1_DSC02915.JPG,-21.9171467,-48.533902,552.0,277.54,-7.82,4.7
1_DSC02916.JPG,-21.9171172,-48.5342131,549.67,273.3,-3.53,3.65
1_DSC02917.JPG,-21.9170912,-48.5345281,547.08,273.09,-6.0,4.61
1_DSC02918.JPG,-21.9170634,-48.5348436,544.54,274.64,-5.96,4.04
1_DSC02919.JPG,-21.9170344,-48.5351656,541.38,275.47,-4.56,1.78
1_DSC02920.JPG,-21.91701,-48.5354796,537.62,275.09,-6.92,3.88
1_DSC02921.JPG,-21.9169816,-48.5357955,534.06,275.81,-6.4,3.53
1_DSC02922.JPG,-21.9169552,-48.5361095,530.69,279.01,-7.61,4.49
1_DSC02923.JPG,-21.9169275,-48.5364283,527.55,275.04,-4.14,5.3
1_DSC02924.JPG,-21.9169001,-48.5367411,524.11,274.43,2.93,5.11
1_DSC02925.JPG,-21.9169735,-48.5364297,526.42,272.82,8.21,3.37
1_DSC02926.JPG,-21.9170476,-48.536118,529.4,272.06,7.76,4.09
1_DSC02927.JPG,-21.9171169,-48.5358128,532.76,272.12,6.36,4.26
1_DSC02928.JPG,-21.9171834,-48.5355089,536.49,273.2,8.49,4.45
1_DSC02929.JPG,-21.917247,-48.5352009,540.46,272.01,8.48,3.31
1_DSC02930.JPG,-21.9173157,-48.5348863,544.44,271.35,8.28,2.98
1_DSC02931.JPG,-21.9173833,-48.5345748,547.5,271.16,7.41,2.68
1_DSC02932.JPG,-21.9174511,-48.5342683,550.09,270.77,6.37,2.63
1_DSC02933.JPG,-21.9175176,-48.5339608,552.75,271.73,6.0,3.15
1_DSC02934.JPG,-21.9175861,-48.5336505,554.8,271.18,8.14,3.0
1_DSC02935.JPG,-21.9176503,-48.5333453,556.53,271.03,4.03,1.83
1_DSC02936.JPG,-21.9177223,-48.5330319,558.52,271.27,6.26,3.23
1_DSC02937.JPG,-21.9177925,-48.5327253,560.84,270.76,6.96,3.94
1_DSC02938.JPG,-21.9178584,-48.5324234,562.79,271.59,7.26,4.08
1_DSC02939.JPG,-21.9179253,-48.5321074,564.94,270.93,6.05,3.49
1_DSC02940.JPG,-21.9179926,-48.5318029,566.42,269.28,-2.36,5.14
2_DSC02944.JPG,-21.9164639,-48.5365292,524.22,96.85,-9.6,-2.29
2_DSC02945.JPG,-21.9164907,-48.5362146,526.59,94.88,-6.98,-1.66
2_DSC02946.JPG,-21.9165234,-48.5358953,529.17,94.81,-7.15,-2.96
2_DSC02947.JPG,-21.916554,-48.5355776,532.32,94.19,-10.11,-3.09
2_DSC02948.JPG,-21.9165804,-48.5352591,535.36,94.06,-8.75,-3.09
2_DSC02949.JPG,-21.9166071,-48.5349504,538.54,95.41,-10.07,-5.52
2_DSC02950.JPG,-21.9166336,-48.5346415,541.06,94.41,-9.76,-4.09
2_DSC02951.JPG,-21.9166609,-48.5343221,543.45,95.8,-11.05,-5.49
2_DSC02952.JPG,-21.9166852,-48.5340085,545.68,95.59,-10.24,-4.31
2_DSC02953.JPG,-21.9167106,-48.5336913,548.2,95.26,-10.05,-4.02
2_DSC02954.JPG,-21.9167395,-48.5333741,551.03,95.42,-9.89,-5.39
2_DSC02955.JPG,-21.9167654,-48.5330569,553.65,94.53,-11.27,-5.41
2_DSC02956.JPG,-21.9167935,-48.5327333,555.78,95.93,-8.1,-4.63
2_DSC02957.JPG,-21.9168194,-48.5324152,557.46,93.4,-7.57,-4.51
2_DSC02958.JPG,-21.9168452,-48.5320981,559.09,94.86,-7.76,-3.62
2_DSC02959.JPG,-21.9168728,-48.531784,560.1,95.46,-8.56,-4.19
2_DSC02960.JPG,-21.9169032,-48.531463,560.71,94.8,-8.74,-5.06
2_DSC02961.JPG,-21.9169308,-48.5311382,561.37,94.41,-8.14,-4.25
2_DSC02962.JPG,-21.9169546,-48.5308274,561.61,95.02,-6.59,-3.5
2_DSC02963.JPG,-21.9169816,-48.5305033,561.56,93.98,-8.74,-4.17
2_DSC02964.JPG,-21.917005,-48.5301893,561.67,95.14,-6.2,-1.48
2_DSC02965.JPG,-21.9170363,-48.529879,561.33,95.0,-9.2,-4.86
2_DSC02966.JPG,-21.9170614,-48.5295553,560.92,95.49,-8.5,-3.83
2_DSC02967.JPG,-21.9170886,-48.5292455,560.3,94.75,-8.59,-4.54
2_DSC02968.JPG,-21.9171144,-48.5289313,559.56,94.28,-6.58,-2.27
2_DSC02969.JPG,-21.9171412,-48.5286199,557.71,93.25,-6.69,-2.34
2_DSC02970.JPG,-21.9171665,-48.5283037,555.85,95.8,-3.95,-0.14
2_DSC02971.JPG,-21.917201,-48.5279796,554.21,93.23,-10.1,-3.13
2_DSC02972.JPG,-21.9172296,-48.5276696,553.17,93.99,-8.81,-3.79
2_DSC02973.JPG,-21.917253,-48.5273588,552.13,94.7,-8.8,-2.96
2_DSC02974.JPG,-21.9172775,-48.5270357,551.1,95.54,-8.79,-2.89
2_DSC02975.JPG,-21.9173049,-48.5267259,550.48,94.84,-8.88,-3.23
2_DSC02976.JPG,-21.9173316,-48.5264163,550.28,94.55,-8.34,-3.38
2_DSC02977.JPG,-21.9173544,-48.5261017,550.15,94.38,-5.63,-2.26
2_DSC02978.JPG,-21.9173816,-48.5257764,550.96,94.23,-7.15,-1.05
2_DSC02979.JPG,-21.9174097,-48.5254541,552.14,94.5,-5.65,-0.07
2_DSC02980.JPG,-21.9174399,-48.5251335,553.46,95.3,-7.44,-1.92
2_DSC02981.JPG,-21.9174693,-48.5248191,555.25,96.32,-8.33,-4.5
2_DSC02982.JPG,-21.9174915,-48.524507,557.2,94.95,-7.89,-1.43
2_DSC02983.JPG,-21.9175184,-48.524198,559.11,96.09,-10.14,-3.69
2_DSC02984.JPG,-21.9175436,-48.5238777,560.55,93.33,-7.78,-0.85
2_DSC02985.JPG,-21.9175712,-48.5235545,561.95,94.22,-7.34,-0.7
2_DSC02986.JPG,-21.9175991,-48.5232346,563.35,93.74,-0.18,-1.07
2_DSC02987.JPG,-21.9171786,-48.5229737,561.17,345.99,-3.67,-0.03
2_DSC02988.JPG,-21.9171416,-48.5232875,560.84,275.18,-10.4,3.88
2_DSC02989.JPG,-21.9171157,-48.5236028,560.27,273.38,-7.85,3.92
2_DSC02990.JPG,-21.9170879,-48.5239131,559.16,274.51,-7.72,3.63
2_DSC02991.JPG,-21.9170644,-48.524234,558.1,275.41,-10.89,3.94
2_DSC02992.JPG,-21.91704,-48.5245507,556.69,277.32,-9.68,4.55
2_DSC02993.JPG,-21.9170114,-48.5248767,554.47,274.86,-8.26,4.3
2_DSC02994.JPG,-21.9169847,-48.5252002,552.31,274.64,-7.91,4.15
2_DSC02995.JPG,-21.9169567,-48.5255222,550.2,274.16,-7.48,4.01
2_DSC02996.JPG,-21.9169286,-48.525845,548.25,277.15,-9.9,4.2
2_DSC02997.JPG,-21.9168994,-48.5261566,546.05,273.55,-7.49,3.97
2_DSC02998.JPG,-21.9168714,-48.5264801,545.31,275.17,-7.8,3.84
2_DSC02999.JPG,-21.9168468,-48.5268054,545.91,276.17,-8.11,4.81
2_DSC03000.JPG,-21.9168183,-48.5271305,546.79,275.62,-9.93,4.9
2_DSC03001.JPG,-21.916792,-48.5274513,547.78,275.9,-9.97,4.29
2_DSC03002.JPG,-21.9167608,-48.5277726,549.13,274.58,-9.86,4.28
2_DSC03003.JPG,-21.9167348,-48.5280938,550.48,276.58,-11.33,3.43
2_DSC03004.JPG,-21.9167079,-48.5284168,551.91,275.72,-10.83,4.33
2_DSC03005.JPG,-21.9166808,-48.5287366,553.71,275.92,-11.5,3.81
2_DSC03006.JPG,-21.9166545,-48.5290545,555.35,275.48,-9.76,4.68
2_DSC03007.JPG,-21.9166254,-48.5293681,556.65,273.04,-11.9,3.79
2_DSC03008.JPG,-21.9166008,-48.5296859,557.45,273.88,-11.84,6.18
2_DSC03009.JPG,-21.9165707,-48.5300099,558.18,276.47,-12.08,3.88
2_DSC03010.JPG,-21.9165456,-48.5303328,558.52,275.72,-11.65,4.38
2_DSC03011.JPG,-21.9165192,-48.5306455,558.37,275.5,-10.24,3.86
2_DSC03012.JPG,-21.916492,-48.5309555,558.25,275.73,-10.27,4.27
2_DSC03013.JPG,-21.9164636,-48.5312797,558.07,274.52,-8.87,2.77
2_DSC03014.JPG,-21.9164399,-48.5316018,557.92,275.04,-12.19,4.58
2_DSC03015.JPG,-21.9164145,-48.5319122,557.55,275.47,-10.39,4.73
2_DSC03016.JPG,-21.9163877,-48.5322325,557.21,272.56,-11.8,5.98
2_DSC03017.JPG,-21.9163593,-48.5325567,555.54,274.93,-11.08,5.61
2_DSC03018.JPG,-21.9163326,-48.532868,553.87,276.58,-10.28,4.51
2_DSC03019.JPG,-21.9163051,-48.533179,552.03,277.3,-8.17,4.07
2_DSC03020.JPG,-21.9162749,-48.5335032,549.17,273.37,-6.59,2.78
2_DSC03021.JPG,-21.916246,-48.5338209,546.63,276.4,-7.89,2.43
2_DSC03022.JPG,-21.9162228,-48.5341426,544.08,276.82,-7.75,3.52
2_DSC03023.JPG,-21.9161985,-48.5344642,541.91,276.42,-7.78,3.82
2_DSC03024.JPG,-21.9161714,-48.5347746,539.87,274.03,-6.31,3.93
2_DSC03025.JPG,-21.9161428,-48.5350987,537.66,273.29,-6.18,3.78
2_DSC03026.JPG,-21.9161157,-48.5354144,534.65,275.16,-7.74,3.16
2_DSC03027.JPG,-21.9160893,-48.535738,531.95,274.1,-7.18,4.32
2_DSC03028.JPG,-21.9160605,-48.5360523,529.18,274.82,-9.2,3.84
2_DSC03029.JPG,-21.9160347,-48.5363708,525.95,273.05,-8.16,4.29
2_DSC03030.JPG,-21.9160064,-48.5366792,522.77,274.12,-1.46,3.13
2_DSC03031.JPG,-21.9155468,-48.5369309,517.82,10.78,-0.83,-0.54
2_DSC03032.JPG,-21.915563,-48.5366173,520.01,95.58,-9.64,-0.81
2_DSC03033.JPG,-21.9155935,-48.5363064,523.43,94.27,-7.84,-0.98
2_DSC03034.JPG,-21.9156232,-48.5359835,527.04,95.59,-7.52,-2.46
2_DSC03035.JPG,-21.9156475,-48.5356678,530.06,95.09,-9.2,-1.28
2_DSC03036.JPG,-21.915677,-48.5353536,532.37,93.62,-8.18,-2.31
2_DSC03037.JPG,-21.9157023,-48.5350293,534.92,94.8,-7.3,-0.78
2_DSC03038.JPG,-21.9157314,-48.5347049,537.33,94.8,-6.34,-1.06
2_DSC03039.JPG,-21.9157593,-48.5343947,539.5,95.01,-8.98,-2.05
2_DSC03040.JPG,-21.9157863,-48.534078,541.97,95.09,-9.66,-2.24
2_DSC03041.JPG,-21.9158132,-48.5337654,543.91,94.07,-8.89,-2.2
2_DSC03042.JPG,-21.9158398,-48.533445,545.31,93.49,-8.33,-1.4
2_DSC03043.JPG,-21.9158655,-48.533127,546.7,96.43,-7.62,-1.94
2_DSC03044.JPG,-21.9158918,-48.5328045,548.68,94.53,-8.28,-1.5
2_DSC03045.JPG,-21.9159192,-48.5324806,550.96,94.69,-7.67,-2.04
2_DSC03046.JPG,-21.915946,-48.53217,552.95,94.45,-8.24,-1.23
2_DSC03047.JPG,-21.9159735,-48.5318614,554.57,95.67,-8.58,-2.11
2_DSC03048.JPG,-21.916001,-48.5315513,555.11,95.71,-9.21,-3.63
2_DSC03049.JPG,-21.9160274,-48.531234,555.39,94.38,-9.35,-2.21
2_DSC03050.JPG,-21.9160541,-48.5309247,555.59,94.1,-8.47,-1.99
2_DSC03051.JPG,-21.9160821,-48.5306026,555.35,94.55,-9.8,-3.84
2_DSC03052.JPG,-21.9161069,-48.5302922,555.29,95.46,-7.83,-2.12
2_DSC03053.JPG,-21.9161318,-48.5299813,554.65,95.6,-8.81,-2.16
2_DSC03054.JPG,-21.9161575,-48.5296586,553.93,95.16,-8.65,-0.76
2_DSC03055.JPG,-21.9161849,-48.5293498,553.21,94.15,-9.46,-2.44
2_DSC03056.JPG,-21.916209,-48.5290392,552.43,94.35,-7.79,-2.63
2_DSC03057.JPG,-21.9162333,-48.5287291,550.95,95.24,-8.0,-1.85
2_DSC03058.JPG,-21.9162648,-48.5284148,549.36,96.14,-12.37,-3.77
2_DSC03059.JPG,-21.9162933,-48.5280941,547.82,94.98,-12.15,-3.1
2_DSC03060.JPG,-21.9163195,-48.5277855,546.36,93.56,-10.17,-3.02
2_DSC03061.JPG,-21.9163457,-48.5274745,544.68,94.21,-9.99,-2.22
2_DSC03062.JPG,-21.9163744,-48.5271521,543.09,94.16,-11.43,-2.74
2_DSC03063.JPG,-21.916405,-48.5268292,542.39,93.89,-13.37,-3.61
2_DSC03064.JPG,-21.9164313,-48.5265098,541.19,95.59,-14.41,-4.79
2_DSC03065.JPG,-21.9164609,-48.5261999,540.11,93.83,-13.28,-4.93
2_DSC03066.JPG,-21.9164827,-48.5258861,542.31,94.47,-11.66,-4.56
2_DSC03067.JPG,-21.9165082,-48.5255665,545.33,94.72,-11.02,-3.99
2_DSC03068.JPG,-21.9165367,-48.5252445,548.38,94.14,-10.93,-4.59
2_DSC03069.JPG,-21.9165646,-48.524929,550.69,94.64,-11.69,-4.88
2_DSC03070.JPG,-21.9165898,-48.5246099,552.81,94.42,-13.43,-5.08
2_DSC03071.JPG,-21.9166138,-48.5242959,554.84,92.92,-8.65,-2.62
2_DSC03072.JPG,-21.9166461,-48.5239853,556.0,95.96,-11.74,-5.19
2_DSC03073.JPG,-21.9166687,-48.5236634,556.97,94.69,-10.1,-2.51
2_DSC03074.JPG,-21.9166973,-48.5233427,557.86,93.61,-8.59,-3.36
2_DSC03075.JPG,-21.9167173,-48.5230323,558.09,95.61,0.58,1.04
2_DSC03076.JPG,-21.9162907,-48.5228767,554.69,355.05,-1.01,2.49
2_DSC03077.JPG,-21.916255,-48.5231897,554.58,272.88,-8.64,3.56
2_DSC03078.JPG,-21.9162265,-48.5235008,554.42,275.82,-8.14,2.62
2_DSC03079.JPG,-21.9162025,-48.523817,553.7,274.14,-6.8,3.89
2_DSC03080.JPG,-21.9161772,-48.5241301,553.12,274.12,-6.95,3.84
2_DSC03081.JPG,-21.9161449,-48.5244481,551.97,273.69,-7.18,0.45
2_DSC03082.JPG,-21.9161236,-48.5247692,550.38,277.25,-5.14,2.77
2_DSC03083.JPG,-21.9160987,-48.5250936,548.83,277.32,-7.45,4.27
2_DSC03084.JPG,-21.9160702,-48.5254136,547.02,276.21,-7.25,3.02
2_DSC03085.JPG,-21.9160412,-48.5257397,544.11,273.03,-4.28,3.64
2_DSC03086.JPG,-21.9160149,-48.5260565,541.02,273.57,-6.41,4.54
2_DSC03087.JPG,-21.9159852,-48.5263744,538.57,274.45,-7.05,3.34
2_DSC03088.JPG,-21.9159604,-48.5266996,538.26,274.81,-6.37,3.7
2_DSC03089.JPG,-21.9159281,-48.5270077,537.73,276.4,-6.06,0.56
2_DSC03090.JPG,-21.9159045,-48.5273309,537.7,275.57,-6.12,2.81
2_DSC03091.JPG,-21.9158813,-48.5276457,539.74,273.44,-6.15,4.6
2_DSC03092.JPG,-21.9158533,-48.5279597,542.12,274.51,-6.88,4.29
2_DSC03093.JPG,-21.9158214,-48.5282773,544.11,274.17,-9.5,3.41
2_DSC03094.JPG,-21.9158001,-48.5285972,545.45,276.73,-8.23,4.08
2_DSC03095.JPG,-21.9157713,-48.5289213,546.52,274.61,-7.58,3.66
2_DSC03096.JPG,-21.9157448,-48.5292404,547.74,276.12,-7.31,5.54
2_DSC03097.JPG,-21.9157158,-48.5295538,548.71,273.94,-7.82,5.73
2_DSC03098.JPG,-21.9156879,-48.5298759,549.96,275.5,-7.89,4.63
2_DSC03099.JPG,-21.9156597,-48.5301999,550.99,275.18,-8.58,4.39
2_DSC03100.JPG,-21.9156328,-48.5305252,551.68,274.96,-8.36,4.69
2_DSC03101.JPG,-21.9156075,-48.5308393,552.34,273.91,-6.05,3.47
2_DSC03102.JPG,-21.9155801,-48.5311491,553.09,274.1,-6.68,3.65
2_DSC03103.JPG,-21.9155513,-48.5314723,552.59,274.1,-8.2,2.77
2_DSC03104.JPG,-21.9155269,-48.5317875,552.0,274.85,-7.35,2.95
2_DSC03105.JPG,-21.9154985,-48.5321051,551.42,275.7,-10.19,1.66
2_DSC03106.JPG,-21.9154759,-48.5324143,549.27,274.5,-9.14,4.65
2_DSC03107.JPG,-21.9154507,-48.5327318,546.83,277.21,-11.69,4.58
2_DSC03108.JPG,-21.9154233,-48.5330403,544.45,277.38,-10.54,3.63
2_DSC03109.JPG,-21.9153942,-48.5333489,543.26,274.61,-10.31,3.46
2_DSC03110.JPG,-21.9153672,-48.5336725,542.5,276.07,-11.02,3.63
2_DSC03111.JPG,-21.9153426,-48.5339826,541.72,274.61,-11.49,4.67
2_DSC03112.JPG,-21.9153138,-48.5343053,539.81,276.26,-10.58,3.88
2_DSC03113.JPG,-21.9152857,-48.5346139,537.37,275.71,-9.28,3.42
2_DSC03114.JPG,-21.9152589,-48.5349357,534.7,275.22,-9.96,3.33
2_DSC03115.JPG,-21.9152351,-48.5352601,532.11,275.83,-9.46,4.09
2_DSC03116.JPG,-21.9152069,-48.5355835,529.65,275.67,-9.79,3.43
2_DSC03117.JPG,-21.9151791,-48.535906,527.05,275.84,-10.06,3.86
2_DSC03118.JPG,-21.915153,-48.536224,524.05,275.76,-10.41,4.63
2_DSC03119.JPG,-21.9151257,-48.5365423,521.3,274.89,-8.87,4.39
2_DSC03120.JPG,-21.9150963,-48.5368575,518.27,272.12,0.96,1.95
2_DSC03121.JPG,-21.914644,-48.5370103,517.44,8.2,-0.91,-0.9
2_DSC03122.JPG,-21.9146653,-48.5366893,517.44,93.11,-8.89,-0.97
2_DSC03123.JPG,-21.914694,-48.5363735,519.17,94.78,-7.7,-2.13
2_DSC03124.JPG,-21.9147197,-48.5360612,520.9,94.94,-8.25,-0.78
2_DSC03125.JPG,-21.9147489,-48.5357436,523.1,94.01,-8.5,-1.85
2_DSC03126.JPG,-21.9147699,-48.535425,525.76,95.91,-6.35,0.62
2_DSC03127.JPG,-21.914797,-48.5351152,528.48,97.2,-8.63,-0.3
2_DSC03128.JPG,-21.9148282,-48.5348066,531.18,96.82,-7.83,-2.39
2_DSC03129.JPG,-21.9148563,-48.5344888,533.71,94.28,-7.04,-2.22
2_DSC03130.JPG,-21.9148812,-48.5341635,536.2,93.75,-6.11,-1.08
2_DSC03131.JPG,-21.9149101,-48.5338451,538.52,94.63,-8.99,-2.28
2_DSC03132.JPG,-21.9149361,-48.5335332,539.47,94.93,-10.71,-0.51
2_DSC03133.JPG,-21.9149603,-48.5332156,540.19,95.81,-9.9,-1.59
2_DSC03134.JPG,-21.9149875,-48.5328945,540.88,96.96,-8.9,-4.36
2_DSC03135.JPG,-21.9150144,-48.5325701,542.6,97.23,-10.24,-3.36
2_DSC03136.JPG,-21.9150436,-48.5322559,544.46,95.16,-9.77,-3.57
2_DSC03137.JPG,-21.9150696,-48.5319438,546.23,92.97,-8.32,-2.52
2_DSC03138.JPG,-21.9150966,-48.5316244,547.79,93.26,-7.84,-2.32
2_DSC03139.JPG,-21.915123,-48.5313101,549.16,94.17,-9.65,-2.53
2_DSC03140.JPG,-21.9151497,-48.5309904,550.54,94.67,-10.75,-2.12
2_DSC03141.JPG,-21.9151813,-48.5306667,550.05,94.64,-10.95,-3.85
2_DSC03142.JPG,-21.9152031,-48.5303542,549.08,95.39,-7.49,0.54
2_DSC03143.JPG,-21.9152352,-48.5300327,548.58,95.88,-8.62,-3.91
2_DSC03144.JPG,-21.9152582,-48.5297078,547.54,95.83,-10.44,-0.78
2_DSC03145.JPG,-21.9152887,-48.5293832,546.5,94.75,-10.71,-2.16
2_DSC03146.JPG,-21.9153166,-48.5290733,545.22,93.81,-10.6,-2.93
2_DSC03147.JPG,-21.9153419,-48.528763,543.65,93.79,-10.67,-2.16
2_DSC03148.JPG,-21.9153662,-48.5284389,541.98,95.96,-10.43,-2.26
2_DSC03149.JPG,-21.9153918,-48.5281252,540.93,95.13,-9.53,-3.04
2_DSC03150.JPG,-21.9154175,-48.5278158,538.64,96.35,-7.49,-1.96
2_DSC03151.JPG,-21.9154443,-48.5274916,535.79,94.22,-8.92,-1.99
2_DSC03152.JPG,-21.9154757,-48.5271772,533.19,95.32,-11.24,-2.92
2_DSC03153.JPG,-21.9155077,-48.5268596,533.51,94.57,-11.48,-3.19
2_DSC03154.JPG,-21.9155345,-48.5265427,535.01,94.48,-12.32,-3.55
2_DSC03155.JPG,-21.9155586,-48.5262225,536.35,96.22,-10.66,-2.99
2_DSC03156.JPG,-21.9155831,-48.5259048,538.91,94.53,-10.27,-1.22
2_DSC03157.JPG,-21.9156104,-48.525584,542.02,94.03,-8.66,-2.44
2_DSC03158.JPG,-21.9156398,-48.5252702,544.89,96.82,-9.65,-3.33
2_DSC03159.JPG,-21.9156648,-48.5249518,546.46,95.23,-10.02,-2.55
2_DSC03160.JPG,-21.9156918,-48.5246356,547.32,95.37,-11.64,-1.99
2_DSC03161.JPG,-21.9157167,-48.5243234,548.1,94.16,-12.02,-1.87
2_DSC03162.JPG,-21.9157451,-48.5239997,548.64,94.49,-10.86,-2.22
2_DSC03163.JPG,-21.9157712,-48.5236894,549.26,93.64,-8.57,-0.49
2_DSC03164.JPG,-21.9157998,-48.5233669,550.02,95.92,-10.68,-2.42
2_DSC03165.JPG,-21.9158217,-48.5230563,550.53,94.28,-2.83,-0.77
2_DSC03166.JPG,-21.9154039,-48.5227778,547.36,350.17,1.89,1.27
2_DSC03167.JPG,-21.9153706,-48.5230891,547.3,275.84,-10.75,3.02
2_DSC03168.JPG,-21.9153414,-48.5234022,547.28,274.31,-7.8,2.26
2_DSC03169.JPG,-21.9153156,-48.5237146,546.91,274.46,-8.63,2.33
2_DSC03170.JPG,-21.91529,-48.5240243,546.48,275.81,-6.24,2.56
2_DSC03171.JPG,-21.9152672,-48.524341,546.33,276.75,-6.29,3.63
2_DSC03172.JPG,-21.9152407,-48.5246605,545.75,275.86,-7.78,3.5
2_DSC03173.JPG,-21.915213,-48.5249859,545.08,275.11,-6.97,3.87
2_DSC03174.JPG,-21.9151839,-48.5253104,544.26,274.39,-7.2,3.23
2_DSC03175.JPG,-21.9151531,-48.5256351,541.92,274.98,-6.39,2.55
2_DSC03176.JPG,-21.9151255,-48.5259525,539.17,274.8,-6.59,1.87
2_DSC03177.JPG,-21.9151016,-48.5262752,536.46,275.49,-5.99,3.08
2_DSC03178.JPG,-21.9150714,-48.5265972,534.4,272.44,-7.68,0.64
2_DSC03179.JPG,-21.915046,-48.5269205,532.44,274.68,-7.29,2.79
2_DSC03180.JPG,-21.9150175,-48.5272423,530.35,274.58,-6.78,2.25
2_DSC03181.JPG,-21.9149918,-48.5275592,531.99,275.78,-8.27,2.31
2_DSC03182.JPG,-21.9149657,-48.5278833,534.39,276.24,-9.62,2.73
2_DSC03183.JPG,-21.9149398,-48.5281935,536.6,275.57,-8.21,4.59
2_DSC03184.JPG,-21.9149119,-48.5285085,538.79,275.26,-7.76,2.68
2_DSC03185.JPG,-21.9148846,-48.5288254,540.81,274.8,-7.82,2.77
2_DSC03186.JPG,-21.9148613,-48.5291343,543.0,275.97,-8.11,3.69
2_DSC03187.JPG,-21.9148346,-48.5294522,544.25,275.09,-7.79,1.84
2_DSC03188.JPG,-21.9148078,-48.5297695,545.22,275.78,-8.19,2.92
2_DSC03189.JPG,-21.9147766,-48.5300912,546.21,275.36,-8.14,0.99
2_DSC03190.JPG,-21.9147483,-48.5304175,546.72,274.96,-7.73,2.37
2_DSC03191.JPG,-21.9147224,-48.530743,547.33,275.75,-8.2,2.27
2_DSC03192.JPG,-21.9146962,-48.531068,547.89,276.48,-7.71,3.55
2_DSC03193.JPG,-21.9146632,-48.5313764,546.6,273.06,-7.06,1.55
2_DSC03194.JPG,-21.9146379,-48.5316864,544.75,271.74,-6.17,2.22
2_DSC03195.JPG,-21.9146174,-48.5320128,542.81,274.53,-7.24,3.97
2_DSC03196.JPG,-21.9145911,-48.5323366,541.32,275.78,-7.92,4.13
2_DSC03197.JPG,-21.9145616,-48.532647,540.09,274.29,-7.28,2.39
2_DSC03198.JPG,-21.9145364,-48.5329575,538.91,276.86,-7.35,3.56
2_DSC03199.JPG,-21.9145148,-48.5332679,537.87,277.48,-7.43,4.78
2_DSC03200.JPG,-21.9144824,-48.5335773,536.97,276.19,-7.54,2.23
2_DSC03201.JPG,-21.9144518,-48.5338862,535.78,274.49,-8.4,1.43
2_DSC03202.JPG,-21.914429,-48.5341976,534.31,271.35,-7.26,3.31
2_DSC03203.JPG,-21.9143999,-48.5345212,531.99,275.27,-7.83,1.68
2_DSC03204.JPG,-21.9143709,-48.5348454,529.49,275.0,-5.18,1.66
2_DSC03205.JPG,-21.9143471,-48.5351687,526.99,276.68,-7.88,3.6
2_DSC03206.JPG,-21.9143223,-48.5354828,524.56,278.19,-10.99,4.69
2_DSC03207.JPG,-21.9142934,-48.5358059,521.92,277.09,-9.12,3.85
2_DSC03208.JPG,-21.914266,-48.5361294,519.64,276.34,-10.26,4.69
2_DSC03209.JPG,-21.9142356,-48.536453,517.93,275.15,-10.35,3.63
2_DSC03210.JPG,-21.9142086,-48.5367639,516.31,275.11,-3.97,2.5
2_DSC03211.JPG,-21.9137415,-48.5370905,515.46,9.25,0.11,0.42
2_DSC03212.JPG,-21.9137568,-48.5367752,514.12,95.68,-10.12,1.11
2_DSC03213.JPG,-21.9137893,-48.5364634,515.26,94.96,-9.0,-1.56
2_DSC03214.JPG,-21.9138168,-48.5361503,516.63,94.23,-8.25,-0.89
2_DSC03215.JPG,-21.9138443,-48.5358366,518.03,95.53,-8.13,-2.43
2_DSC03216.JPG,-21.9138711,-48.535513,520.16,95.5,-7.22,-2.55
2_DSC03217.JPG,-21.9138988,-48.5351929,522.45,95.05,-8.38,-2.05
2_DSC03218.JPG,-21.9139226,-48.5348799,524.59,95.79,-6.66,-0.27
2_DSC03219.JPG,-21.9139526,-48.534561,526.84,96.03,-9.64,-1.34
2_DSC03220.JPG,-21.9139811,-48.5342486,529.13,94.09,-8.61,-1.45
2_DSC03221.JPG,-21.914005,-48.5339387,531.17,94.97,-9.37,-0.74
2_DSC03222.JPG,-21.9140288,-48.533626,533.0,96.5,-7.07,1.06
2_DSC03223.JPG,-21.91406,-48.5333023,534.85,94.0,-3.79,-1.02
2_DSC03224.JPG,-21.9140916,-48.5329809,536.61,94.66,-10.05,-3.18
2_DSC03225.JPG,-21.9141156,-48.5326648,538.15,95.35,-10.51,-2.55
2_DSC03226.JPG,-21.9141397,-48.5323409,539.21,95.24,-10.5,-2.23
2_DSC03227.JPG,-21.9141658,-48.5320198,540.39,96.8,-11.3,-2.77
2_DSC03228.JPG,-21.9141919,-48.5316973,541.57,94.4,-9.54,-1.81
2_DSC03229.JPG,-21.9142184,-48.5313743,542.67,95.61,-8.25,0.06
2_DSC03230.JPG,-21.9142466,-48.5310648,544.0,96.59,-10.85,-2.82
2_DSC03231.JPG,-21.9142738,-48.5307465,544.22,95.21,-7.95,-1.07
2_DSC03232.JPG,-21.9143046,-48.5304247,543.8,93.35,-9.18,-2.81
2_DSC03233.JPG,-21.9143337,-48.5301006,543.47,93.02,-8.59,-2.25
2_DSC03234.JPG,-21.9143581,-48.529775,542.8,94.66,-8.63,-1.28
2_DSC03235.JPG,-21.9143841,-48.5294653,541.95,95.76,-9.93,-2.47
2_DSC03236.JPG,-21.9144097,-48.529155,541.1,96.05,-8.47,-3.49
2_DSC03237.JPG,-21.91443,-48.528839,539.42,97.07,-10.67,0.2
2_DSC03238.JPG,-21.9144646,-48.5285272,537.39,96.0,-8.82,-1.57
2_DSC03239.JPG,-21.9144914,-48.5282156,535.24,94.55,-8.19,-1.49
2_DSC03240.JPG,-21.9145164,-48.5278927,533.12,95.72,-9.26,-0.7
2_DSC03241.JPG,-21.9145462,-48.5275701,531.06,95.59,-10.19,-1.91
2_DSC03242.JPG,-21.9145757,-48.5272497,528.94,95.38,-10.87,-2.3
2_DSC03243.JPG,-21.9146013,-48.5269272,528.94,95.97,-10.31,-1.75
2_DSC03244.JPG,-21.9146275,-48.5266029,531.22,95.5,-9.15,-1.98
2_DSC03245.JPG,-21.9146528,-48.5262848,533.65,94.55,-4.02,-0.9
